,start,end,End,Start
0,,,2021-05-18 14:02:07.346290,2021-05-18 14:02:07.281045
1,,,2021-05-18 14:02:07.870672,2021-05-18 14:02:07.610445
2,,,2021-05-18 14:02:10.340575,2021-05-18 14:02:08.276532
3,,,2021-05-18 14:02:11.007456,2021-05-18 14:02:10.485893
4,,,2021-05-18 14:02:12.345976,2021-05-18 14:02:12.071268
5,,,2021-05-18 14:02:14.951386,2021-05-18 14:02:12.409585
6,,,2021-05-18 14:02:18.271881,2021-05-18 14:02:15.141424
7,,,2021-05-18 14:02:18.539832,2021-05-18 14:02:18.336196
8,,,2021-05-18 14:02:18.745974,2021-05-18 14:02:18.681452
